Language,Title,Short description,Full description
"ta-IN","அருள்: வால்பேப்பர் & ரிங்டோன்","அம்மன், முருகன், சிவன் & பலருக்கான HD, லைவ் பக்தி வால்பேப்பர், ரிங்டோன்","அருள் உங்கள் தொலைபேசியை தென்னிந்தியப் பக்தியால் நிரப்புகிறது — அம்மன், ஐயப்பன், முருகன், பெருமாள், சிவன், கோயில்கள் ஆகிய பிரிவுகளில் தேர்ந்தெடுக்கப்பட்ட HD தெய்வ வால்பேப்பர்கள், மென்மையான லைவ் வீடியோ வால்பேப்பர்கள், மேலும் ஒவ்வொரு தெய்வத்திற்கும் பக்தி ரிங்டோன்கள்.

உலாவுவதும் முன்னோட்டம் பார்ப்பதும் எப்போதும் இலவசம். பிடித்ததை ஒரே தட்டலில் அமைத்துக் கொள்ளுங்கள். 🙏

━━━━━━━━━━━━━━━━━━━━

🛕 தெய்வங்கள் & பிரிவுகள்

🌺 அம்மன்
🌺 ஐயப்பன்
🌺 முருகன் (சுப்பிரமணிய சுவாமி)
🌺 பெருமாள்
🌺 சிவன்
🌺 கோயில்கள்

ஒவ்வொரு பிரிவிலும் நிலைப் படங்களும் லைவ் வீடியோவும் கலந்திருக்கும் — ஒரே தெய்வத்தை உருட்டிப் பார்த்தால் இரண்டையும் காணலாம்.

ரிங்டோன்களும் தெய்வ வாரியாக வரிசைப்படுத்தப்பட்டுள்ளன — அனுமன், விநாயகர், போற்றப்படும் குருமார்களுக்கு ""மற்றவை"" தொகுப்பு.

━━━━━━━━━━━━━━━━━━━━

✨ உங்களுக்குப் பிடிக்கும்

🖼️ HD தெய்வ வால்பேப்பர்கள்
தெளிவான, உயர்தரப் பக்திப் படங்கள் — தொலைபேசித் திரைக்கு ஏற்ப அமைக்கப்பட்டவை. இழுவையும் இல்லை, கருப்புக் கோடுகளும் இல்லை.

🎬 லைவ் வீடியோ வால்பேப்பர்கள்
அமைதியாகச் சுழலும் மென்மையான அசைவால் உங்கள் முகப்புத் திரையை உயிர்ப்பியுங்கள் — பேட்டரிக்கு இதமாக அமைக்கப்பட்டது.

🎵 பக்தி ரிங்டோன்கள்
கையால் வரையப்பட்ட கோலப் பதக்கங்களுடன், தெய்வ வாரியாக வரிசைப்படுத்தப்பட்ட பக்திப் பாடல்கள். அமைப்பதற்கு முன் எந்தப் பாடலையும் இலவசமாகக் கேளுங்கள்.

👆 ஒரே தட்டலில் அமைப்பு
வால்பேப்பரை முகப்புத் திரை, பூட்டுத் திரை அல்லது இரண்டிற்கும் — அல்லது ரிங்டோனை — நொடிகளில் அமைக்கலாம்.

🔎 தேட வேண்டாம், உருட்டுங்கள்
ரீல்ஸ் போல் உருட்டிப் பார்க்கும் முழுத்திரை ஊட்டம். உங்கள் இஷ்ட தெய்வத்திற்கு நேரடியாகச் செல்ல ஒரு பிரிவுச் சிப்பைத் தட்டுங்கள்.

🌱 எப்போதும் வளர்கிறது
புதிய பக்தி வால்பேப்பர்களும் ரிங்டோன்களும் தொடர்ந்து சேர்க்கப்படுகின்றன.

🕊️ அமைதியும் தூய்மையும்
பக்தி அனுபவத்திற்காக உருவாக்கப்பட்ட, கவனச்சிதறல் இல்லாத அமைதியான வடிவமைப்பு.

━━━━━━━━━━━━━━━━━━━━

📿 எப்படிச் செயல்படுகிறது

1. ஒரு தெய்வத்தைத் தேர்ந்தெடுங்கள் — அம்மன், ஐயப்பன், முருகன், பெருமாள், சிவன் அல்லது கோயில்கள்.
2. ஊட்டத்தை உருட்டி, பிடித்ததை இலவசமாக முன்னோட்டம் பாருங்கள்.
3. வால்பேப்பரையோ ரிங்டோனையோ அமைக்கத் தட்டுங்கள்.

━━━━━━━━━━━━━━━━━━━━

💎 இலவசமாக உலாவுங்கள், அமைக்க அன்லாக் செய்யுங்கள்

முழுத் தொகுப்பையும் உலாவுவது, ஒவ்வொரு வால்பேப்பரையும் முன்னோட்டம் பார்ப்பது, ஒவ்வொரு ரிங்டோனையும் கேட்பது — அனைத்தும் இலவசம்.

விருப்பத் தேர்வான பிரீமியம் திட்டம் வால்பேப்பர் அமைத்தல், ரிங்டோன் அமைத்தல், குடும்பத்தினர் நண்பர்களுடன் பகிர்தல் ஆகியவற்றைத் திறக்கிறது — உங்கள் பக்தி எங்கும் உங்களுடன்.

━━━━━━━━━━━━━━━━━━━━

🌏 உங்கள் மொழியில்

அருள் ஆங்கிலம், தமிழ், தெலுங்கு, கன்னடம், மலையாளம், இந்தி ஆகிய மொழிகளில் பேசுகிறது.

━━━━━━━━━━━━━━━━━━━━

பூட்டுத் திரையில் உங்கள் இஷ்ட தெய்வத்தின் தரிசனத்துடன் காலையைத் தொடங்கினாலும், ஒவ்வொரு அழைப்பிற்கும் ஒரு பக்திப் பாடலை விரும்பினாலும் — அருள் அந்த உணர்வை உங்கள் அருகிலேயே வைத்திருக்கிறது.

📲 அருளை நிறுவி, உங்கள் திரையைப் பக்தியால் நிரப்புங்கள்.

━━━━━━━━━━━━━━━━━━━━"
"te-IN","అరుళ్: వాల్‌పేపర్, రింగ్‌టోన్","అమ్మన్, మురుగన్, శివుడు & మరిన్నింటికి HD, లైవ్ భక్తి వాల్‌పేపర్లు","అరుళ్ మీ ఫోన్‌ను దక్షిణ భారత భక్తితో నింపుతుంది — అమ్మన్, అయ్యప్ప, మురుగన్, పెరుమాళ్, శివుడు, ఆలయాలు విభాగాల్లో ఎంపిక చేసిన HD దైవ వాల్‌పేపర్లు, మృదువైన లైవ్ వీడియో వాల్‌పేపర్లు, అలాగే ప్రతి దైవానికీ భక్తి రింగ్‌టోన్లు.

బ్రౌజ్ చేయడం, ప్రివ్యూ చూడటం ఎప్పుడూ ఉచితం. నచ్చినదాన్ని ఒక్క ట్యాప్‌తో సెట్ చేసుకోండి. 🙏

━━━━━━━━━━━━━━━━━━━━

🛕 దైవాలు & విభాగాలు

🌺 అమ్మన్
🌺 అయ్యప్ప
🌺 మురుగన్ (సుబ్రహ్మణ్య స్వామి)
🌺 పెరుమాళ్
🌺 శివుడు
🌺 ఆలయాలు

ప్రతి విభాగంలోనూ స్థిర చిత్రాలు, లైవ్ వీడియో కలిసి ఉంటాయి — ఒకే దైవాన్ని స్క్రోల్ చేస్తూ రెండింటినీ చూడవచ్చు.

రింగ్‌టోన్లు కూడా దైవాల వారీగా అమర్చబడ్డాయి — హనుమాన్, గణేశ, పూజనీయ గురువుల కోసం ""ఇతరాలు"" సేకరణ.

━━━━━━━━━━━━━━━━━━━━

✨ మీకు నచ్చేవి

🖼️ HD దైవ వాల్‌పేపర్లు
స్పష్టమైన, హై-రిజల్యూషన్ భక్తి చిత్రాలు — ఫోన్ స్క్రీన్‌కు సరిపోయేలా అమర్చబడ్డాయి. సాగదీత లేదు, నల్ల గీతలు లేవు.

🎬 లైవ్ వీడియో వాల్‌పేపర్లు
నిశ్శబ్దంగా లూప్ అయ్యే మృదువైన కదలికతో మీ హోమ్ స్క్రీన్‌కు ప్రాణం పోయండి — బ్యాటరీకి భారం కాకుండా ట్యూన్ చేయబడింది.

🎵 భక్తి రింగ్‌టోన్లు
చేతితో గీసిన ముగ్గు పతకాలతో, దైవాల వారీగా అమర్చిన భక్తి పాటలు. సెట్ చేయకముందే ఏ ట్రాక్‌నైనా ఉచితంగా వినండి.

👆 ఒక్క ట్యాప్‌తో సెట్
వాల్‌పేపర్‌ను హోమ్ స్క్రీన్, లాక్ స్క్రీన్ లేదా రెండింటికీ — లేదా రింగ్‌టోన్‌ను — సెకన్లలో సెట్ చేయండి.

🔎 వెతకొద్దు, స్క్రోల్ చేయండి
రీల్స్‌లా స్క్రోల్ చేసే ఫుల్-స్క్రీన్ ఫీడ్. మీ ఇష్ట దైవం దగ్గరకు నేరుగా వెళ్లడానికి విభాగం చిప్‌ను ట్యాప్ చేయండి.

🌱 ఎప్పుడూ పెరుగుతోంది
కొత్త భక్తి వాల్‌పేపర్లు, రింగ్‌టోన్లు క్రమం తప్పకుండా చేర్చబడతాయి.

🕊️ ప్రశాంతం & శుభ్రం
భక్తి అనుభవం కోసం రూపొందించిన, ఏకాగ్రత చెదరని నిశ్శబ్ద డిజైన్.

━━━━━━━━━━━━━━━━━━━━

📿 ఎలా పనిచేస్తుంది

1. ఒక దైవాన్ని ఎంచుకోండి — అమ్మన్, అయ్యప్ప, మురుగన్, పెరుమాళ్, శివుడు లేదా ఆలయాలు.
2. ఫీడ్‌ను స్క్రోల్ చేసి, నచ్చినదాన్ని ఉచితంగా ప్రివ్యూ చూడండి.
3. వాల్‌పేపర్ లేదా రింగ్‌టోన్ సెట్ చేయడానికి ట్యాప్ చేయండి.

━━━━━━━━━━━━━━━━━━━━

💎 ఉచితంగా బ్రౌజ్ చేయండి, సెట్ చేయడానికి అన్‌లాక్ చేయండి

మొత్తం సేకరణను బ్రౌజ్ చేయడం, ప్రతి వాల్‌పేపర్‌ను ప్రివ్యూ చూడటం, ప్రతి రింగ్‌టోన్‌ను వినడం — అన్నీ ఉచితం.

ఐచ్ఛిక ప్రీమియం ప్లాన్ వాల్‌పేపర్ సెట్ చేయడం, రింగ్‌టోన్ సెట్ చేయడం, కుటుంబం స్నేహితులతో పంచుకోవడం అన్‌లాక్ చేస్తుంది — మీ భక్తి ప్రతిచోటా మీతోనే.

━━━━━━━━━━━━━━━━━━━━

🌏 మీ భాషలో

అరుళ్ ఇంగ్లీష్, తమిళం, తెలుగు, కన్నడ, మలయాళం, హిందీ భాషల్లో మాట్లాడుతుంది.

━━━━━━━━━━━━━━━━━━━━

లాక్ స్క్రీన్‌పై మీ ఇష్ట దైవ దర్శనంతో ఉదయాన్ని ప్రారంభించినా, ప్రతి కాల్‌కూ ఒక భక్తి పాట కావాలనుకున్నా — అరుళ్ ఆ భావనను మీ చేతిలోనే ఉంచుతుంది.

📲 అరుళ్‌ను ఇన్‌స్టాల్ చేసి, మీ స్క్రీన్‌ను భక్తితో నింపండి.

━━━━━━━━━━━━━━━━━━━━"
"kn-IN","ಅರುಳ್: ವಾಲ್‌ಪೇಪರ್, ರಿಂಗ್‌ಟೋನ್","ಅಮ್ಮನ್, ಮುರುಗನ್, ಶಿವ ಮತ್ತು ಇತರರಿಗೆ HD, ಲೈವ್ ಭಕ್ತಿ ವಾಲ್‌ಪೇಪರ್‌ಗಳು","ಅರುಳ್ ನಿಮ್ಮ ಫೋನ್ ಅನ್ನು ದಕ್ಷಿಣ ಭಾರತದ ಭಕ್ತಿಯಿಂದ ತುಂಬುತ್ತದೆ — ಅಮ್ಮನ್, ಅಯ್ಯಪ್ಪ, ಮುರುಗನ್, ಪೆರುಮಾಳ್, ಶಿವ, ದೇವಾಲಯಗಳು ವಿಭಾಗಗಳಲ್ಲಿ ಆಯ್ದ HD ದೇವರ ವಾಲ್‌ಪೇಪರ್‌ಗಳು, ನಯವಾದ ಲೈವ್ ವೀಡಿಯೊ ವಾಲ್‌ಪೇಪರ್‌ಗಳು, ಮತ್ತು ಪ್ರತಿ ದೇವರಿಗೂ ಭಕ್ತಿ ರಿಂಗ್‌ಟೋನ್‌ಗಳು.

ಬ್ರೌಸ್ ಮಾಡುವುದು ಮತ್ತು ಪ್ರಿವ್ಯೂ ನೋಡುವುದು ಯಾವಾಗಲೂ ಉಚಿತ. ಇಷ್ಟವಾದದ್ದನ್ನು ಒಂದೇ ಟ್ಯಾಪ್‌ನಲ್ಲಿ ಸೆಟ್ ಮಾಡಿ. 🙏

━━━━━━━━━━━━━━━━━━━━

🛕 ದೇವರುಗಳು & ವಿಭಾಗಗಳು

🌺 ಅಮ್ಮನ್
🌺 ಅಯ್ಯಪ್ಪ
🌺 ಮುರುಗನ್ (ಸುಬ್ರಹ್ಮಣ್ಯ ಸ್ವಾಮಿ)
🌺 ಪೆರುಮಾಳ್
🌺 ಶಿವ
🌺 ದೇವಾಲಯಗಳು

ಪ್ರತಿ ವಿಭಾಗದಲ್ಲೂ ಸ್ಥಿರ ಚಿತ್ರಗಳು ಮತ್ತು ಲೈವ್ ವೀಡಿಯೊ ಬೆರೆತಿರುತ್ತವೆ — ಒಂದೇ ದೇವರನ್ನು ಸ್ಕ್ರಾಲ್ ಮಾಡುತ್ತಾ ಎರಡನ್ನೂ ಕಾಣಬಹುದು.

ರಿಂಗ್‌ಟೋನ್‌ಗಳೂ ದೇವರವಾರು ಜೋಡಿಸಲಾಗಿದೆ — ಹನುಮಾನ್, ಗಣೇಶ ಮತ್ತು ಪೂಜ್ಯ ಗುರುಗಳಿಗಾಗಿ ""ಇತರೆ"" ಸಂಗ್ರಹ.

━━━━━━━━━━━━━━━━━━━━

✨ ನಿಮಗೆ ಇಷ್ಟವಾಗುವುದು

🖼️ HD ದೇವರ ವಾಲ್‌ಪೇಪರ್‌ಗಳು
ಸ್ಪಷ್ಟವಾದ, ಹೈ-ರೆಸಲ್ಯೂಶನ್ ಭಕ್ತಿ ಚಿತ್ರಗಳು — ಫೋನ್ ಪರದೆಗೆ ಹೊಂದುವಂತೆ ರೂಪಿಸಲಾಗಿದೆ. ಎಳೆತವಿಲ್ಲ, ಕಪ್ಪು ಪಟ್ಟಿಗಳಿಲ್ಲ.

🎬 ಲೈವ್ ವೀಡಿಯೊ ವಾಲ್‌ಪೇಪರ್‌ಗಳು
ಶಬ್ದವಿಲ್ಲದೆ ಸುತ್ತುವ ನಯವಾದ ಚಲನೆಯಿಂದ ನಿಮ್ಮ ಹೋಮ್ ಸ್ಕ್ರೀನ್‌ಗೆ ಜೀವ ತುಂಬಿ — ಬ್ಯಾಟರಿಗೆ ಹೊರೆಯಾಗದಂತೆ ಹೊಂದಿಸಲಾಗಿದೆ.

🎵 ಭಕ್ತಿ ರಿಂಗ್‌ಟೋನ್‌ಗಳು
ಕೈಯಿಂದ ಬಿಡಿಸಿದ ರಂಗೋಲಿ ಪದಕಗಳೊಂದಿಗೆ, ದೇವರವಾರು ಜೋಡಿಸಿದ ಭಕ್ತಿ ಗೀತೆಗಳು. ಸೆಟ್ ಮಾಡುವ ಮೊದಲು ಯಾವ ಹಾಡನ್ನಾದರೂ ಉಚಿತವಾಗಿ ಕೇಳಿ.

👆 ಒಂದೇ ಟ್ಯಾಪ್‌ನಲ್ಲಿ ಸೆಟ್
ವಾಲ್‌ಪೇಪರ್ ಅನ್ನು ಹೋಮ್ ಸ್ಕ್ರೀನ್, ಲಾಕ್ ಸ್ಕ್ರೀನ್ ಅಥವಾ ಎರಡಕ್ಕೂ — ಅಥವಾ ರಿಂಗ್‌ಟೋನ್ ಅನ್ನು — ಕ್ಷಣಗಳಲ್ಲಿ ಸೆಟ್ ಮಾಡಿ.

🔎 ಹುಡುಕಬೇಡಿ, ಸ್ಕ್ರಾಲ್ ಮಾಡಿ
ರೀಲ್ಸ್‌ನಂತೆ ಸ್ಕ್ರಾಲ್ ಮಾಡುವ ಪೂರ್ಣ-ಪರದೆ ಫೀಡ್. ನಿಮ್ಮ ಇಷ್ಟ ದೇವತೆಗೆ ನೇರವಾಗಿ ಹೋಗಲು ವಿಭಾಗದ ಚಿಪ್ ಒತ್ತಿ.

🌱 ಸದಾ ಬೆಳೆಯುತ್ತಿದೆ
ಹೊಸ ಭಕ್ತಿ ವಾಲ್‌ಪೇಪರ್‌ಗಳು ಮತ್ತು ರಿಂಗ್‌ಟೋನ್‌ಗಳು ನಿಯಮಿತವಾಗಿ ಸೇರುತ್ತವೆ.

🕊️ ಶಾಂತ & ಸ್ವಚ್ಛ
ಭಕ್ತಿ ಅನುಭವಕ್ಕಾಗಿ ರೂಪಿಸಿದ, ಗಮನ ಚದುರಿಸದ ಶಾಂತ ವಿನ್ಯಾಸ.

━━━━━━━━━━━━━━━━━━━━

📿 ಇದು ಹೇಗೆ ಕೆಲಸ ಮಾಡುತ್ತದೆ

1. ಒಂದು ದೇವರನ್ನು ಆರಿಸಿ — ಅಮ್ಮನ್, ಅಯ್ಯಪ್ಪ, ಮುರುಗನ್, ಪೆರುಮಾಳ್, ಶಿವ ಅಥವಾ ದೇವಾಲಯಗಳು.
2. ಫೀಡ್ ಸ್ಕ್ರಾಲ್ ಮಾಡಿ, ಇಷ್ಟವಾದದ್ದನ್ನು ಉಚಿತವಾಗಿ ಪ್ರಿವ್ಯೂ ನೋಡಿ.
3. ವಾಲ್‌ಪೇಪರ್ ಅಥವಾ ರಿಂಗ್‌ಟೋನ್ ಸೆಟ್ ಮಾಡಲು ಒತ್ತಿ.

━━━━━━━━━━━━━━━━━━━━

💎 ಉಚಿತವಾಗಿ ಬ್ರೌಸ್ ಮಾಡಿ, ಸೆಟ್ ಮಾಡಲು ಅನ್‌ಲಾಕ್ ಮಾಡಿ

ಇಡೀ ಸಂಗ್ರಹವನ್ನು ಬ್ರೌಸ್ ಮಾಡುವುದು, ಪ್ರತಿ ವಾಲ್‌ಪೇಪರ್ ಪ್ರಿವ್ಯೂ ನೋಡುವುದು, ಪ್ರತಿ ರಿಂಗ್‌ಟೋನ್ ಕೇಳುವುದು — ಎಲ್ಲವೂ ಉಚಿತ.

ಐಚ್ಛಿಕ ಪ್ರೀಮಿಯಂ ಯೋಜನೆ ವಾಲ್‌ಪೇಪರ್ ಸೆಟ್ ಮಾಡುವುದು, ರಿಂಗ್‌ಟೋನ್ ಸೆಟ್ ಮಾಡುವುದು ಮತ್ತು ಕುಟುಂಬ ಸ್ನೇಹಿತರೊಂದಿಗೆ ಹಂಚಿಕೊಳ್ಳುವುದನ್ನು ಅನ್‌ಲಾಕ್ ಮಾಡುತ್ತದೆ — ನಿಮ್ಮ ಭಕ್ತಿ ಎಲ್ಲೆಡೆ ನಿಮ್ಮೊಂದಿಗೆ.

━━━━━━━━━━━━━━━━━━━━

🌏 ನಿಮ್ಮ ಭಾಷೆಯಲ್ಲಿ

ಅರುಳ್ ಇಂಗ್ಲಿಷ್, ತಮಿಳು, ತೆಲುಗು, ಕನ್ನಡ, ಮಲಯಾಳಂ ಮತ್ತು ಹಿಂದಿಯಲ್ಲಿ ಮಾತನಾಡುತ್ತದೆ.

━━━━━━━━━━━━━━━━━━━━

ಲಾಕ್ ಸ್ಕ್ರೀನ್‌ನಲ್ಲಿ ನಿಮ್ಮ ಇಷ್ಟ ದೇವತೆಯ ದರ್ಶನದೊಂದಿಗೆ ಬೆಳಗನ್ನು ಆರಂಭಿಸಿದರೂ, ಪ್ರತಿ ಕರೆಗೂ ಒಂದು ಭಕ್ತಿ ಗೀತೆ ಬಯಸಿದರೂ — ಅರುಳ್ ಆ ಭಾವವನ್ನು ನಿಮ್ಮ ಕೈಗೆಟುಕುವಂತೆ ಇಡುತ್ತದೆ.

📲 ಅರುಳ್ ಇನ್‌ಸ್ಟಾಲ್ ಮಾಡಿ, ನಿಮ್ಮ ಪರದೆಯನ್ನು ಭಕ್ತಿಯಿಂದ ತುಂಬಿ.

━━━━━━━━━━━━━━━━━━━━"
"ml-IN","അരുൾ: വാൾപേപ്പർ & റിംഗ്ടോൺ","അമ്മൻ, മുരുകൻ, ശിവൻ എന്നിവർക്കായി HD, ലൈവ് ഭക്തി വാൾപേപ്പറുകൾ","അരുൾ നിങ്ങളുടെ ഫോൺ ദക്ഷിണേന്ത്യൻ ഭക്തിയാൽ നിറയ്ക്കുന്നു — അമ്മൻ, അയ്യപ്പൻ, മുരുകൻ, പെരുമാൾ, ശിവൻ, ക്ഷേത്രങ്ങൾ എന്നീ വിഭാഗങ്ങളിൽ തിരഞ്ഞെടുത്ത HD ദൈവ വാൾപേപ്പറുകൾ, മൃദുവായ ലൈവ് വീഡിയോ വാൾപേപ്പറുകൾ, ഒപ്പം ഓരോ ദൈവത്തിനും ഭക്തി റിംഗ്ടോണുകൾ.

ബ്രൗസ് ചെയ്യുന്നതും പ്രിവ്യൂ കാണുന്നതും എപ്പോഴും സൗജന്യം. ഇഷ്ടപ്പെട്ടത് ഒറ്റ ടാപ്പിൽ സെറ്റ് ചെയ്യൂ. 🙏

━━━━━━━━━━━━━━━━━━━━

🛕 ദൈവങ്ങളും വിഭാഗങ്ങളും

🌺 അമ്മൻ
🌺 അയ്യപ്പൻ
🌺 മുരുകൻ (സുബ്രഹ്മണ്യ സ്വാമി)
🌺 പെരുമാൾ
🌺 ശിവൻ
🌺 ക്ഷേത്രങ്ങൾ

ഓരോ വിഭാഗത്തിലും നിശ്ചല ചിത്രങ്ങളും ലൈവ് വീഡിയോയും ഇടകലർന്നിരിക്കും — ഒരേ ദൈവത്തെ സ്ക്രോൾ ചെയ്താൽ രണ്ടും കാണാം.

റിംഗ്ടോണുകളും ദൈവങ്ങൾ അനുസരിച്ച് ക്രമീകരിച്ചിരിക്കുന്നു — ഹനുമാൻ, ഗണേശൻ, പൂജ്യ ഗുരുക്കൾ എന്നിവർക്കായി ""മറ്റുള്ളവ"" ശേഖരം.

━━━━━━━━━━━━━━━━━━━━

✨ നിങ്ങൾക്ക് ഇഷ്ടപ്പെടുന്നത്

🖼️ HD ദൈവ വാൾപേപ്പറുകൾ
വ്യക്തമായ, ഹൈ-റെസലൂഷൻ ഭക്തി ചിത്രങ്ങൾ — ഫോൺ സ്ക്രീനിന് ഇണങ്ങുംവിധം ഒരുക്കിയവ. വലിച്ചുനീട്ടലില്ല, കറുത്ത വരകളില്ല.

🎬 ലൈവ് വീഡിയോ വാൾപേപ്പറുകൾ
ശബ്ദമില്ലാതെ ആവർത്തിക്കുന്ന മൃദുവായ ചലനത്താൽ നിങ്ങളുടെ ഹോം സ്ക്രീനിന് ജീവൻ നൽകൂ — ബാറ്ററിക്ക് ഭാരമാകാത്ത വിധം ക്രമീകരിച്ചത്.

🎵 ഭക്തി റിംഗ്ടോണുകൾ
കൈകൊണ്ട് വരച്ച കോലം മെഡാലിയനുകളോടെ, ദൈവങ്ങൾ അനുസരിച്ച് ക്രമീകരിച്ച ഭക്തിഗാനങ്ങൾ. സെറ്റ് ചെയ്യുന്നതിന് മുൻപ് ഏത് ട്രാക്കും സൗജന്യമായി കേൾക്കാം.

👆 ഒറ്റ ടാപ്പിൽ സെറ്റ്
വാൾപേപ്പർ ഹോം സ്ക്രീനിലോ ലോക്ക് സ്ക്രീനിലോ രണ്ടിലുമോ — അല്ലെങ്കിൽ റിംഗ്ടോൺ — സെക്കൻഡുകൾക്കുള്ളിൽ സെറ്റ് ചെയ്യൂ.

🔎 തിരയേണ്ട, സ്ക്രോൾ ചെയ്യൂ
റീൽസ് പോലെ സ്ക്രോൾ ചെയ്യാവുന്ന ഫുൾ-സ്ക്രീൻ ഫീഡ്. നിങ്ങളുടെ ഇഷ്ട ദൈവത്തിലേക്ക് നേരിട്ട് പോകാൻ വിഭാഗ ചിപ്പ് ടാപ്പ് ചെയ്യൂ.

🌱 എപ്പോഴും വളരുന്നു
പുതിയ ഭക്തി വാൾപേപ്പറുകളും റിംഗ്ടോണുകളും പതിവായി ചേർക്കപ്പെടുന്നു.

🕊️ ശാന്തവും വൃത്തിയുള്ളതും
ഭക്തി അനുഭവത്തിനായി രൂപകൽപ്പന ചെയ്ത, ശ്രദ്ധ പതറാത്ത ശാന്തമായ ഡിസൈൻ.

━━━━━━━━━━━━━━━━━━━━

📿 എങ്ങനെ പ്രവർത്തിക്കുന്നു

1. ഒരു ദൈവത്തെ തിരഞ്ഞെടുക്കൂ — അമ്മൻ, അയ്യപ്പൻ, മുരുകൻ, പെരുമാൾ, ശിവൻ അല്ലെങ്കിൽ ക്ഷേത്രങ്ങൾ.
2. ഫീഡ് സ്ക്രോൾ ചെയ്ത് ഇഷ്ടപ്പെട്ടത് സൗജന്യമായി പ്രിവ്യൂ കാണൂ.
3. വാൾപേപ്പറോ റിംഗ്ടോണോ സെറ്റ് ചെയ്യാൻ ടാപ്പ് ചെയ്യൂ.

━━━━━━━━━━━━━━━━━━━━

💎 സൗജന്യമായി ബ്രൗസ് ചെയ്യൂ, സെറ്റ് ചെയ്യാൻ അൺലോക്ക് ചെയ്യൂ

മുഴുവൻ ശേഖരവും ബ്രൗസ് ചെയ്യുന്നതും, ഓരോ വാൾപേപ്പറും പ്രിവ്യൂ കാണുന്നതും, ഓരോ റിംഗ്ടോണും കേൾക്കുന്നതും — എല്ലാം സൗജന്യം.

ഓപ്ഷണൽ പ്രീമിയം പ്ലാൻ വാൾപേപ്പർ സെറ്റ് ചെയ്യൽ, റിംഗ്ടോൺ സെറ്റ് ചെയ്യൽ, കുടുംബത്തോടും സുഹൃത്തുക്കളോടും പങ്കിടൽ എന്നിവ അൺലോക്ക് ചെയ്യുന്നു — നിങ്ങളുടെ ഭക്തി എവിടെയും കൂടെ.

━━━━━━━━━━━━━━━━━━━━

🌏 നിങ്ങളുടെ ഭാഷയിൽ

അരുൾ ഇംഗ്ലീഷ്, തമിഴ്, തെലുങ്ക്, കന്നഡ, മലയാളം, ഹിന്ദി ഭാഷകളിൽ സംസാരിക്കുന്നു.

━━━━━━━━━━━━━━━━━━━━

ലോക്ക് സ്ക്രീനിൽ ഇഷ്ട ദൈവത്തിന്റെ ദർശനത്തോടെ പ്രഭാതം തുടങ്ങിയാലും, ഓരോ കോളിനും ഒരു ഭക്തിഗാനം വേണമെന്ന് ആഗ്രഹിച്ചാലും — അരുൾ ആ അനുഭവം കൈയെത്തും ദൂരത്ത് നിർത്തുന്നു.

📲 അരുൾ ഇൻസ്റ്റാൾ ചെയ്ത് നിങ്ങളുടെ സ്ക്രീൻ ഭക്തിയാൽ നിറയ്ക്കൂ.

━━━━━━━━━━━━━━━━━━━━"
"hi-IN","अरुल: वॉलपेपर और रिंगटोन","अम्मन, मुरुगन, शिव और अन्य देवताओं के HD व लाइव भक्ति वॉलपेपर","अरुल आपके फ़ोन को दक्षिण भारतीय भक्ति से भर देता है — अम्मन, अय्यप्पन, मुरुगन, पेरुमाल, शिव और मंदिर श्रेणियों में चुने हुए HD भगवान वॉलपेपर, स्मूद लाइव वीडियो वॉलपेपर, और हर देवता के लिए भक्ति रिंगटोन।

ब्राउज़ करना और प्रीव्यू देखना हमेशा मुफ़्त है। जो पसंद आए उसे एक टैप में सेट करें। 🙏

━━━━━━━━━━━━━━━━━━━━

🛕 देवता और श्रेणियाँ

🌺 अम्मन
🌺 अय्यप्पन
🌺 मुरुगन (सुब्रमण्य स्वामी)
🌺 पेरुमाल
🌺 शिव
🌺 मंदिर

हर श्रेणी में स्थिर तस्वीरें और लाइव वीडियो साथ मिलते हैं — एक ही देवता को स्क्रॉल करते हुए दोनों मिल जाएँगे।

रिंगटोन भी देवता के अनुसार सजाए गए हैं — हनुमान, गणेश और पूज्य गुरुओं के लिए ""अन्य"" संग्रह।

━━━━━━━━━━━━━━━━━━━━

✨ जो आपको पसंद आएगा

🖼️ HD भगवान वॉलपेपर
साफ़, हाई-रिज़ॉल्यूशन भक्ति तस्वीरें — फ़ोन स्क्रीन के लिए तैयार की गईं। न खिंचाव, न काली पट्टियाँ।

🎬 लाइव वीडियो वॉलपेपर
बिना आवाज़ के दोहराती स्मूद हलचल से अपनी होम स्क्रीन में जान डालें — बैटरी पर भारी न पड़े, ऐसा तैयार किया गया।

🎵 भक्ति रिंगटोन
हाथ से बनी रंगोली मेडलियन के साथ, देवता के अनुसार सजाए भक्ति गीत। सेट करने से पहले कोई भी ट्रैक मुफ़्त सुनें।

👆 एक टैप में सेट
वॉलपेपर को होम स्क्रीन, लॉक स्क्रीन या दोनों पर — या रिंगटोन को — सेकंडों में सेट करें।

🔎 खोजें नहीं, स्क्रॉल करें
रील्स जैसी फ़ुल-स्क्रीन फ़ीड। अपने इष्ट देव तक सीधे पहुँचने के लिए श्रेणी चिप पर टैप करें।

🌱 हमेशा बढ़ता हुआ
नए भक्ति वॉलपेपर और रिंगटोन नियमित रूप से जोड़े जाते हैं।

🕊️ शांत और साफ़
भक्ति के अनुभव के लिए बनाया गया, ध्यान न भटकाने वाला शांत डिज़ाइन।

━━━━━━━━━━━━━━━━━━━━

📿 यह कैसे काम करता है

1. एक देवता चुनें — अम्मन, अय्यप्पन, मुरुगन, पेरुमाल, शिव या मंदिर।
2. फ़ीड स्क्रॉल करें और जो पसंद आए उसे मुफ़्त प्रीव्यू करें।
3. वॉलपेपर या रिंगटोन सेट करने के लिए टैप करें।

━━━━━━━━━━━━━━━━━━━━

💎 मुफ़्त ब्राउज़ करें, सेट करने के लिए अनलॉक करें

पूरा संग्रह ब्राउज़ करना, हर वॉलपेपर का प्रीव्यू देखना और हर रिंगटोन सुनना — सब मुफ़्त है।

वैकल्पिक प्रीमियम प्लान वॉलपेपर सेट करना, रिंगटोन सेट करना और परिवार व दोस्तों के साथ साझा करना अनलॉक करता है — आपकी भक्ति हर जगह आपके साथ।

━━━━━━━━━━━━━━━━━━━━

🌏 आपकी भाषा में

अरुल अंग्रेज़ी, तमिल, तेलुगु, कन्नड़, मलयालम और हिंदी बोलता है।

━━━━━━━━━━━━━━━━━━━━

चाहे आप सुबह लॉक स्क्रीन पर अपने इष्ट देव के दर्शन से शुरुआत करें, या हर कॉल के लिए एक भक्ति धुन चाहें — अरुल उस भाव को हमेशा पास रखता है।

📲 अरुल इंस्टॉल करें और अपनी स्क्रीन भक्ति से भर दें।

━━━━━━━━━━━━━━━━━━━━"
